{
    "accuracy": {
        "test": 0.7940074906367042
    },
    "precision": {
        "test": 0.7666666666666667
    },
    "recall": {
        "test": 0.6699029126213593
    },
    "f1_score": {
        "test": 0.7150259067357513
    }
}
