{
    "accuracy": {
        "test": 0.7677902621722846
    },
    "precision": {
        "test": 0.7252747252747253
    },
    "recall": {
        "test": 0.6407766990291263
    },
    "f1_score": {
        "test": 0.6804123711340206
    }
}
